movie_id,title,genres,overview,keywords,cast,director,rating,release_year,poster_url
1,The Dark Knight,"Action, Crime, Drama","When the menace known as the Joker wreaks havoc and chaos on the people of Gotham, Batman must accept one of the greatest psychological and physical tests of his ability to fight injustice.","batman dc comics joker gotham vigilante organized crime psychological thriller hero","Christian Bale, Heath Ledger, Aaron Eckhart, Michael Caine",Christopher Nolan,9.0,2008,https://image.tmdb.org/t/p/w500/qJ2tW6WMUDux911r6m7haRef0WH.jpg
2,Batman Begins,"Action, Crime, Drama","Driven by tragedy, billionaire Bruce Wayne dedicates his life to uncovering and fighting the injustice corrupting Gotham City, training under the League of Shadows.","batman dc comics ninja gotham vigilante origin fear league of shadows","Christian Bale, Michael Caine, Liam Neeson, Katie Holmes",Christopher Nolan,8.2,2005,https://image.tmdb.org/t/p/w500/1P3Gsl2daLwiv2jFvBfL1aK5Jk.jpg
3,The Dark Knight Rises,"Action, Crime, Thriller","Eight years after the Joker's reign of anarchy, Batman, with the help of the enigmatic Catwoman, is forced from his exile to save Gotham City from the brutal guerrilla terrorist Bane.","batman dc comics bane catwoman gotham vigilante revolution terrorist siege","Christian Bale, Tom Hardy, Anne Hathaway, Gary Oldman",Christopher Nolan,8.4,2012,https://image.tmdb.org/t/p/w500/hr0L2aueqlP2BYUblTTjmtn0hw4.jpg
4,Inception,"Action, Sci-Fi, Thriller","A thief who steals corporate secrets through the use of dream-sharing technology is given the inverse task of planting an idea into the mind of a C.E.O.","dream subconscious inception heist subconscious mind reality architecture","Leonardo DiCaprio, Joseph Gordon-Levitt, Elliot Page, Tom Hardy",Christopher Nolan,8.8,2010,https://image.tmdb.org/t/p/w500/oYuLEt3zVCKq57qu2F8dT7NIa6f.jpg
5,Interstellar,"Adventure, Drama, Sci-Fi","When Earth becomes uninhabitable in the future, a farmer and ex-NASA pilot, Joseph Cooper, is tasked to pilot a spacecraft, along with a team of researchers, to find a new planet for humans.","space exploration wormhole black hole time dilation relativity nasa astronauts","Matthew McConaughey, Anne Hathaway, Jessica Chastain, Michael Caine",Christopher Nolan,8.7,2014,https://image.tmdb.org/t/p/w500/gEU2QniE6E77NI6lCU6MxlNBvIx.jpg
6,Tenet,"Action, Sci-Fi, Thriller","Armed with only one word, Tenet, and fighting for the survival of the entire world, a Protagonist journeys through a twilight world of international espionage on a mission that will unfold in something beyond real time.","time inversion entropy spy espionage temporal physics international agent","John David Washington, Robert Pattinson, Elizabeth Debicki, Kenneth Branagh",Christopher Nolan,7.3,2020,https://image.tmdb.org/t/p/w500/k68nPLbIST6NP96JmTxmZijEvCA.jpg
7,Memento,"Mystery, Thriller","A man with short-term memory loss attempts to track down his wife's murderer using Polaroid photographs and tattoos on his body.","memory loss amnesia murder investigation revenge non-linear tattoo puzzle","Guy Pearce, Carrie-Anne Moss, Joe Pantoliano, Mark Boone Junior",Christopher Nolan,8.4,2000,https://image.tmdb.org/t/p/w500/yuNs09hvpHVU1cBTCAk9zxsL2oW.jpg
8,The Prestige,"Drama, Mystery, Sci-Fi","After a tragic accident, two stage magicians in 1890s London engage in a battle to create the ultimate illusion while sacrificing everything they have to outwit each other.","magician rivalry illusion obsession stage magic nikola tesla 19th century","Christian Bale, Hugh Jackman, Scarlett Johansson, Michael Caine",Christopher Nolan,8.5,2006,https://image.tmdb.org/t/p/w500/tRNbt7zgLqVw59P2n5PzN8v2b.jpg
9,Iron Man,"Action, Sci-Fi, Adventure","After being held captive in an Afghan cave, billionaire engineer Tony Stark creates a unique weaponized suit of armor to fight evil and becomes the superhero Iron Man.","marvel comics tony stark superhero powered armor weapon technology shield","Robert Downey Jr., Gwyneth Paltrow, Terrence Howard, Jeff Bridges",Jon Favreau,7.9,2008,https://image.tmdb.org/t/p/w500/78lPtwv72eTNqFW9COBYI0dWDJa.jpg
10,The Avengers,"Action, Sci-Fi, Adventure","Earth's mightiest heroes must come together and learn to fight as a team if they are going to stop the mischievous Loki and his alien army from enslaving humanity.","marvel comics superhero team alien invasion loki shield new york battle","Robert Downey Jr., Chris Evans, Scarlett Johansson, Mark Ruffalo",Joss Whedon,8.0,2012,https://image.tmdb.org/t/p/w500/RYMX2wcKCBAr24UyPD7xwmjaTn.jpg
11,Avengers: Infinity War,"Action, Sci-Fi, Adventure","The Avengers and their allies must be willing to sacrifice all in an attempt to defeat the powerful Thanos before his blitz of devastation and ruin puts an end to the universe.","marvel comics thanos infinity stones universe galaxy cosmic superhero war","Robert Downey Jr., Chris Hemsworth, Mark Ruffalo, Josh Brolin",Anthony Russo,8.4,2018,https://image.tmdb.org/t/p/w500/7WsyChQLEftFiDOVTGkv3hFpyyt.jpg
12,Avengers: Endgame,"Action, Sci-Fi, Adventure","After the devastating events of Infinity War, the universe is in ruins. With the help of remaining allies, the Avengers assemble once more in order to reverse Thanos' actions.","marvel comics time travel quantum realm thanos finale sacrifice superhero epic","Robert Downey Jr., Chris Evans, Mark Ruffalo, Chris Hemsworth",Anthony Russo,8.4,2019,https://image.tmdb.org/t/p/w500/or06FN3Dka5tukK1e9sl16pB3iy.jpg
13,Spider-Man: Into the Spider-Verse,"Animation, Action, Adventure","Teenager Miles Morales becomes the new Spider-Man and joins other Spider-Heroes from parallel dimensions to stop a threat to all realities.","spider-man miles morales multiverse animated superhero parallel dimension comic book","Shameik Moore, Jake Johnson, Hailee Steinfeld, Mahershala Ali",Bob Persichetti,8.4,2018,https://image.tmdb.org/t/p/w500/iiZZdoQBEYBv6id897TZZJ0C8xX.jpg
14,Spider-Man: No Way Home,"Action, Adventure, Sci-Fi","With Spider-Man's identity now revealed, Peter asks Doctor Strange for help. When a spell goes wrong, dangerous foes from other worlds start to appear.","spider-man marvel comics doctor strange multiverse villains peter parker web slinger","Tom Holland, Zendaya, Benedict Cumberbatch, Jacob Batalon",Jon Watts,8.2,2021,https://image.tmdb.org/t/p/w500/1g0dhYtq4irTY1GPXvft6k4YLjm.jpg
15,Avatar,"Action, Adventure, Fantasy, Sci-Fi","A paraplegic Marine dispatched to the moon Pandora on a unique mission becomes torn between following his orders and protecting the world he feels is his home.","alien planet pandora na'vi avatar colonization indigenous rainforest sci-fi epic","Sam Worthington, Zoe Saldana, Sigourney Weaver, Stephen Lang",James Cameron,7.9,2009,https://image.tmdb.org/t/p/w500/kyeqWdyUXW608qlYkRqosgbbJyK.jpg
16,Avatar: The Way of Water,"Action, Adventure, Fantasy, Sci-Fi","Jake Sully lives with his newfound family formed on the extrasolar moon Pandora. Once a familiar threat returns, Jake must work with Neytiri and the army of the Na'vi race to protect their home.","pandora ocean sea reef na'vi family colonization james cameron aquatic","Sam Worthington, Zoe Saldana, Sigourney Weaver, Stephen Lang",James Cameron,7.6,2022,https://image.tmdb.org/t/p/w500/t6HIqrRAclMCA60NsSmeqe9RmNV.jpg
17,Titanic,"Drama, Romance","A seventeen-year-old aristocrat falls in love with a kind but poor artist aboard the luxurious, ill-fated R.M.S. Titanic during its maiden voyage across the Atlantic.","ship ocean disaster historical romance iceberg love story class distinction tragic","Leonardo DiCaprio, Kate Winslet, Billy Zane, Kathy Bates",James Cameron,7.9,1997,https://image.tmdb.org/t/p/w500/9xjZS2rlVxm8SFx8kFPC3TGnQZ5.jpg
18,The Matrix,"Action, Sci-Fi","Set in the 22nd century, The Matrix tells the story of a computer hacker who learns from mysterious rebels about the true nature of his reality and his role in the war against its controllers.","simulation virtual reality cyberpunk artificial intelligence machines neo chosen one dystopia","Keanu Reeves, Laurence Fishburne, Carrie-Anne Moss, Hugo Weaving",Lana Wachowski,8.7,1999,https://image.tmdb.org/t/p/w500/f89U3ADr1oiB1s9GkdPOEpXUk5H.jpg
19,The Matrix Reloaded,"Action, Sci-Fi","Neo and the rebel leaders estimate that they have 72 hours until 250,000 probe sentinels discover Zion and destroy it and its inhabitants in the virtual simulation war.","simulation virtual reality cyberpunk zion agent smith prophecy machines kung fu","Keanu Reeves, Laurence Fishburne, Carrie-Anne Moss, Hugo Weaving",Lana Wachowski,7.2,2003,https://image.tmdb.org/t/p/w500/9TGHDvWr2KPBCARAcRS9hkUhqu2.jpg
20,Gladiator,"Action, Adventure, Drama","A former Roman General sets out to exact vengeance against the corrupt emperor who murdered his family and sent him into slavery as a gladiator.","ancient rome gladiator arena colosseum revenge emperor maximus freedom honor","Russell Crowe, Joaquin Phoenix, Connie Nielsen, Oliver Reed",Ridley Scott,8.5,2000,https://image.tmdb.org/t/p/w500/ty8TGRuvJLPUmAR1H1nRIsgwvim.jpg
21,Blade Runner 2049,"Action, Drama, Mystery, Sci-Fi","Young Blade Runner K's discovery of a long-buried secret leads him to track down former Blade Runner Rick Deckard, who's been missing for thirty years.","replicant cyberpunk neon future dystopia detective android artificial intelligence identity","Ryan Gosling, Harrison Ford, Ana de Armas, Sylvia Hoeks",Denis Villeneuve,8.0,2017,https://image.tmdb.org/t/p/w500/gajva2L0rPYkEWjzgFlBXCAVBE5.jpg
22,Dune,"Action, Adventure, Sci-Fi","Paul Atreides, a brilliant and gifted young man born into a great destiny beyond his understanding, must travel to the most dangerous planet in the universe to ensure the future of his family and his people.","desert planet spice arrakis giant sandworm prophecy empire fremen galactic conflict","Timothée Chalamet, Rebecca Ferguson, Oscar Isaac, Zendaya",Denis Villeneuve,8.0,2021,https://image.tmdb.org/t/p/w500/d5NXSklXo0qyIYkgV94XAgMIckC.jpg
23,Dune: Part Two,"Action, Adventure, Sci-Fi","Paul Atreides unites with Chani and the Fremen while seeking revenge against the conspirators who destroyed his family, facing a choice between love and the fate of the universe.","spice desert planet arrakis fremen messiah prophecy holy war emperor sandworm","Timothée Chalamet, Zendaya, Rebecca Ferguson, Javier Bardem",Denis Villeneuve,8.6,2024,https://image.tmdb.org/t/p/w500/1pdfLvkbY9ohJlCjQH2CZjjYVvJ.jpg
24,The Godfather,"Crime, Drama","Spanning the years 1945 to 1955, a chronicle of the fictional Italian-American Corleone crime family. When organized crime family patriarch Vito Corleone barely survives an attempt on his life, his youngest son Michael steps up to take care of the would-be killers.","mafia crime family organized crime mob don new york betrayal power patriarch","Marlon Brando, Al Pacino, James Caan, Robert Duvall",Francis Ford Coppola,9.2,1972,https://image.tmdb.org/t/p/w500/3bhkrj58Vtu7enYsRolD1fZdja1.jpg
25,The Godfather Part II,"Crime, Drama","The early life and career of Vito Corleone in 1920s New York City is portrayed, while his son, Michael, expands and tightens his grip on the family crime syndicate.","mafia crime syndicate immigrant succession revenge organized crime corruption power","Al Pacino, Robert De Niro, Robert Duvall, Diane Keaton",Francis Ford Coppola,9.0,1974,https://image.tmdb.org/t/p/w500/hek3koDUyMrk7u7z7uqKqZ54N.jpg
26,GoodFellas,"Biography, Crime, Drama","The story of Henry Hill and his life in the mafia, covering his relationship with his wife Karen and his mob partners Jimmy Conway and Tommy DeVito.","mob gangster crime syndicate organized crime robbery mafia true crime new york","Robert De Niro, Ray Liotta, Joe Pesci, Lorraine Bracco",Martin Scorsese,8.7,1990,https://image.tmdb.org/t/p/w500/aKuFiU82s5ISJpGZp7YkIr3kcuD.jpg
27,Pulp Fiction,"Crime, Drama","The lives of two mob hitmen, a boxer, a gangster and his wife, and a pair of diner bandits intertwine in four tales of violence and redemption.","hitmen gangster boxer diner robbery non-linear quentin tarantino cult classic black comedy","John Travolta, Samuel L. Jackson, Uma Thurman, Bruce Willis",Quentin Tarantino,8.9,1994,https://image.tmdb.org/t/p/w500/d5iIlFn5s0ImszYzBPb8JPIfbXD.jpg
28,Fight Club,"Drama","A ticking-time-bomb insomniac and a slippery soap salesman channel primal male aggression into a shocking new form of therapy. Their concept catches on, with underground clubs forming in every town.","insomnia consumerism split personality underground club anarchy anti-capitalist nihilism","Brad Pitt, Edward Norton, Helena Bonham Carter, Meat Loaf",David Fincher,8.8,1999,https://image.tmdb.org/t/p/w500/pB8BM7pdSp6B6Ih7QZ4DrQ3PmJK.jpg
29,Se7en,"Crime, Drama, Mystery","Two detectives, a rookie and a veteran, hunt a serial killer who uses the seven deadly sins as his motives in a perpetually rain-soaked city.","serial killer seven deadly sins detective murder investigation dark thriller rain","Brad Pitt, Morgan Freeman, Gwyneth Paltrow, Kevin Spacey",David Fincher,8.6,1995,https://image.tmdb.org/t/p/w500/6yoghtyTpznpBik8EngEmJskVUO.jpg
30,Zodiac,"Crime, Drama, Mystery","Between 1968 and 1983, a San Francisco cartoonist becomes an amateur detective obsessed with tracking down the Zodiac Killer, an unidentified murderer who terrorizes the Northern California area.","zodiac serial killer investigation journalism code cipher san francisco true crime","Jake Gyllenhaal, Mark Ruffalo, Robert Downey Jr., Anthony Edwards",David Fincher,7.7,2007,https://image.tmdb.org/t/p/w500/mX3iT83l06hJ5d7o5e1x1B4u8Y.jpg
31,The Shawshank Redemption,"Drama","Over the course of several decades, two imprisoned men bond over a number of years, finding solace and eventual redemption through acts of common decency.","prison escape wrongful conviction friendship hope banker freedom redemption","Tim Robbins, Morgan Freeman, Bob Gunton, William Sadler",Frank Darabont,9.3,1994,https://image.tmdb.org/t/p/w500/9cqNxx0GxF0bflZmeSMuL5tnGzr.jpg
32,Forrest Gump,"Drama, Romance","A man with a low IQ has accomplished great things in his life and been present during significant historic events—in each case, far exceeding what anyone imagined he could do.","american history love innocence vietnam war running ping pong shrimp destiny","Tom Hanks, Robin Wright, Gary Sinise, Sally Field",Robert Zemeckis,8.8,1994,https://image.tmdb.org/t/p/w500/arw2tuvubrqRIwiMGzk373US9R.jpg
33,The Lord of the Rings: The Fellowship of the Ring,"Action, Adventure, Drama, Fantasy","Young hobbit Frodo Baggins, after inheriting a mysterious ring from his uncle Bilbo, must leave his home behind in order to begin an epic quest to the fires of Mount Doom to destroy it.","middle-earth one ring quest hobbit elves wizard sauron fellowship fantasy epic","Elijah Wood, Ian McKellen, Viggo Mortensen, Orlando Bloom",Peter Jackson,8.8,2001,https://image.tmdb.org/t/p/w500/6oom5QYQ2yQTMJIbnvbkBL9cHo6.jpg
34,The Lord of the Rings: The Two Towers,"Action, Adventure, Drama, Fantasy","Frodo and Sam continue their journey towards Mount Doom, while Aragorn, Legolas, and Gimli help defend the kingdom of Rohan from the onslaught of Saruman's army at Helm's Deep.","middle-earth helm's deep battle orcs rohan gollum one ring fantasy epic","Elijah Wood, Ian McKellen, Viggo Mortensen, Orlando Bloom",Peter Jackson,8.8,2002,https://image.tmdb.org/t/p/w500/5VTN0pR8gcqV3EPUHHfMGnJYN9L.jpg
35,The Lord of the Rings: The Return of the King,"Action, Adventure, Drama, Fantasy","Aragorn is revealed as the heir to the ancient kings as he, Gandalf and the other members of the broken fellowship struggle to save Gondor from Sauron's forces. Meanwhile, Frodo and Sam bring the ring closer to the heart of Mordor.","middle-earth mordor final battle gondor king mount doom ring fantasy climax","Elijah Wood, Ian McKellen, Viggo Mortensen, Orlando Bloom",Peter Jackson,9.0,2003,https://image.tmdb.org/t/p/w500/rCzpDGLbOoPwLjy3OAm5NUPOTrC.jpg
36,Star Wars: A New Hope,"Action, Adventure, Fantasy, Sci-Fi","Princess Leia is captured and held hostage by the evil Imperial forces, so Luke Skywalker and Han Solo must join forces with two androids to rescue the beautiful princess and restore freedom to the Galaxy.","space opera jedi galactic empire darth vader the force death star rebellion luke skywalker","Mark Hamill, Harrison Ford, Carrie Fisher, Alec Guinness",George Lucas,8.6,1977,https://image.tmdb.org/t/p/w500/6FfCtAuVAW8XJjZ7eWeLibRLWTw.jpg
37,Star Wars: The Empire Strikes Back,"Action, Adventure, Fantasy, Sci-Fi","After the Rebels are brutally overpowered by the Empire, Luke Skywalker begins Jedi training with Yoda, while his friends are pursued across the galaxy by Darth Vader.","space opera jedi yoda darth vader lightsaber rebel alliance cloud city galaxy revelation","Mark Hamill, Harrison Ford, Carrie Fisher, Billy Dee Williams",Irvin Kershner,8.7,1980,https://image.tmdb.org/t/p/w500/nNAeTmF4CtdSgIOgfytSuNZiOh2.jpg
38,Jurassic Park,"Action, Adventure, Sci-Fi","A pragmatic paleontologist touring an almost complete theme park on an island in Central America is tasked with protecting a couple of kids after a power failure causes the park's cloned dinosaurs to run loose.","dinosaurs genetics cloned theme park t-rex island survival paleontology steven spielberg","Sam Neill, Laura Dern, Jeff Goldblum, Richard Attenborough",Steven Spielberg,8.2,1993,https://image.tmdb.org/t/p/w500/oU7Oq2kFAAlGqbU4VoAE36g4hoI.jpg
39,Raiders of the Lost Ark,"Action, Adventure","In 1936, archaeologist and adventurer Indiana Jones is hired by the U.S. government to find the Ark of the Covenant before Adolf Hitler's Nazi forces can obtain its awesome powers.","archaeologist indiana jones ark of the covenant treasure hunt relics booby traps adventure","Harrison Ford, Karen Allen, Paul Freeman, John Rhys-Davies",Steven Spielberg,8.4,1981,https://image.tmdb.org/t/p/w500/ceG9VzoRAVGwivFU40nmWqQ67wh.jpg
40,Back to the Future,"Adventure, Comedy, Sci-Fi","Marty McFly, a 17-year-old high school student, is accidentally sent thirty years into the past in a time-traveling DeLorean invented by his close friend, the eccentric scientist Doc Brown.","time travel delorean 1950s eccentric scientist temporal paradox high school rock and roll","Michael J. Fox, Christopher Lloyd, Lea Thompson, Crispin Glover",Robert Zemeckis,8.5,1985,https://image.tmdb.org/t/p/w500/fNOH9f1aA7XRTzl1sAOx9iF553Q.jpg
41,Spirited Away,"Animation, Adventure, Family, Fantasy","During her family's move to the suburbs, a sullen 10-year-old girl wanders into a world ruled by gods, witches, and spirits, and where humans are changed into beasts.","spirit world bathhouse witch anime studio ghibli fantasy curse courage","Rumi Hiiragi, Miyu Irino, Mari Natsuki, Takashi Naito",Hayao Miyazaki,8.6,2001,https://image.tmdb.org/t/p/w500/393rIHkrqbsFqZ4c5iU58hK2zT7.jpg
42,Princess Mononoke,"Animation, Action, Adventure, Fantasy","Ashitaka, a prince of the disappearing Emishi people, is cursed by a demonized boar god and must journey to the west to find a cure, entering a clash between the gods of the forest and humans.","nature forest spirits wolves iron town environmental conflict anime studio ghibli curse","Yoji Matsuda, Yuriko Ishida, Yuko Tanaka, Kaoru Kobayashi",Hayao Miyazaki,8.4,1997,https://image.tmdb.org/t/p/w500/cmyBPf2v5269kFF9i04i4V3Wn2G.jpg
43,Coco,"Animation, Adventure, Family, Fantasy","Despite his family's baffling generations-old ban on music, Miguel dreams of becoming an accomplished musician like his idol, Ernesto de la Cruz, and journeys into the Land of the Dead.","day of the dead music ancestry guitar skeleton afterlife family tradition pixar","Anthony Gonzalez, Gael García Bernal, Benjamin Bratt, Alanna Ubach",Lee Unkrich,8.4,2017,https://image.tmdb.org/t/p/w500/gGEsBPAijhVUFoiNpgZXqRVWJt2.jpg
44,Toy Story,"Animation, Adventure, Comedy","A little boy named Andy loves to be in his room, playing with his toys, especially his doll named 'Woody'. But what do the toys do when Andy is not around? They come to life.","toys woody buzz lightyear friendship jealousy childhood adventure secret life pixar","Tom Hanks, Tim Allen, Don Rickles, Jim Varney",John Lasseter,8.3,1995,https://image.tmdb.org/t/p/w500/uXDfjJbdP4ijW5hWSBrFu1buTmm.jpg
45,Up,"Animation, Adventure, Comedy","78-year-old Carl Fredricksen travels to Paradise Falls in his house equipped with thousands of balloons, inadvertently taking a young stowaway Wilderness Explorer named Russell.","balloons flying house wilderness explorer south america grief friendship adventure pixar","Edward Asner, Jordan Nagai, John Ratzenberger, Christopher Plummer",Pete Docter,8.3,2009,https://image.tmdb.org/t/p/w500/vpbaStTMt8qqHaEveOr2dwapRWd.jpg
46,The Lion King,"Animation, Adventure, Drama","A young lion prince named Simba flees his kingdom after the murder of his father Mufasa, only to learn the true meaning of responsibility and bravery from unexpected friends.","african savanna lion prince kingdom circle of life betrayal uncle responsibility disney","Matthew Broderick, Jeremy Irons, James Earl Jones, Nathan Lane",Roger Allers,8.5,1994,https://image.tmdb.org/t/p/w500/sKCr78MXSLixwmZ8DyJLrpMsd15.jpg
47,Parasite,"Drama, Thriller","All unemployed, Ki-taek's family takes peculiar interest in the wealthy and glamorous Parks for their livelihood until they get entangled in an unexpected incident.","class struggle dark comedy social satire con artist basement infiltration deception south korea","Song Kang-ho, Lee Sun-kyun, Cho Yeo-jeong, Choi Woo-shik",Bong Joon Ho,8.5,2019,https://image.tmdb.org/t/p/w500/7IiTTgloJzvGI1TAYymCfbfl3vT.jpg
48,Whiplash,"Drama, Music","Under the direction of a ruthless instructor, a talented young drummer begins to pursue perfection at any cost during his first year at a prestigious music conservatory.","jazz drumming perfectionism ruthless teacher music conservatory rivalry obsession tempo","Miles Teller, J.K. Simmons, Paul Reiser, Melissa Benoist",Damien Chazelle,8.5,2014,https://image.tmdb.org/t/p/w500/7fn624j5lj3xTme2SgiLCeuedmO.jpg
49,La La Land,"Comedy, Drama, Music, Romance","While navigating their careers in Los Angeles, a pianist and an actress fall in love while attempting to reconcile their aspirations for the future.","jazz pianist aspiring actress los angeles hollywood dreams romance musical tap dance","Ryan Gosling, Emma Stone, John Legend, J.K. Simmons",Damien Chazelle,8.0,2016,https://image.tmdb.org/t/p/w500/uDO8zWDhfWwoFdKS4fzkVJb0Rf0.jpg
50,Shutter Island,"Mystery, Thriller","In 1954, a U.S. Marshal investigates the disappearance of a murderer who escaped from a hospital for the criminally insane on a secluded Boston harbor island.","boston asylum mental hospital us marshal hallucination lighthouse psychological mystery island","Leonardo DiCaprio, Mark Ruffalo, Ben Kingsley, Max von Sydow",Martin Scorsese,8.2,2010,https://image.tmdb.org/t/p/w500/4GDy0PHYX3VRXUtwK5ysagvk2Te.jpg
